,Metric,Value
0,Accuracy,0.7813765182186235
1,Precision,0.7619047619047619
2,Recall,0.8
3,F1,0.7804878048780488
