,Metric,Value
0,Accuracy,0.9433198380566802
1,Precision,0.9140625
2,Recall,0.975
3,F1,0.9435483870967741
