,Metric,Value
0,Accuracy,0.9271255060728745
1,Precision,0.9553571428571429
2,Recall,0.8916666666666667
3,F1,0.9224137931034484
