,Metric,Value
0,Accuracy,0.8137651821862348
1,Precision,0.8083333333333333
2,Recall,0.8083333333333333
3,F1,0.8083333333333333
